ts,day,flags,ret,sigma,prev_close,open,high,low,close,volume,vwap,bar_count,is_filled
2015-03-18 14:00,2015-03-18,sigma_return,0.00412759,0.000250004,106.38,106.38,106.89,106.36,106.82,475100,106.588,1126,False
2015-04-29 14:02,2015-04-29,sigma_return,0.00329068,0.000370268,109.22,109.23,109.58,109.22,109.58,335300,109.393,954,False
2015-06-10 11:13,2015-06-10,sigma_return,0.00283299,0.000292835,109.27,109.27,109.58,109.27,109.58,476331,109.415,1728,False
2015-06-17 14:01,2015-06-17,sigma_return,0.00211387,0.000236484,108.69,108.69,108.98,108.68,108.92,555129,108.859,1320,False
2015-08-24 09:30,2015-08-24,bar_range,,0.000799895,,94.23,94.23,84.74,88.46,2.4687e+06,89.899,4725,False
2015-08-24 09:31,2015-08-24,sigma_return;bar_range,0.00967495,0.000799895,88.46,88.92,89.36,86.55,89.32,1.24812e+06,88.681,4348,False
2015-08-24 09:32,2015-08-24,abs_return;sigma_return;bar_range,0.0322769,0.000933855,89.32,89.13,94,88.5,92.25,1.51456e+06,91.274,3825,False
2015-08-24 09:33,2015-08-24,bar_range,-0.00130166,0.00188479,92.25,92.25,92.3,88,92.13,975620,90.43,2761,False
2015-08-24 09:34,2015-08-24,bar_range,0.00950639,0.00188532,92.13,92.12,93.4,91.99,93.01,901098,92.667,3388,False
2015-08-24 09:35,2015-08-24,abs_return;sigma_return;bar_range,0.0201167,0.001945,93.01,93.06,94.9,92.57,94.9,768502,93.8,1804,False
2015-08-24 09:36,2015-08-24,abs_return;bar_range,0.0157862,0.00219476,94.9,94.66,96.43,94.47,96.41,1.27179e+06,95.948,1813,False
2015-09-01 09:31,2015-09-01,sigma_return,0.0047957,0.000595432,101.93,101.94,102.42,101.93,102.42,470879,102.223,2347,False
2015-09-17 14:00,2015-09-17,sigma_return,0.00316279,0.000340635,107.33,107.37,107.89,107.32,107.67,506915,107.678,1401,False
2015-10-28 14:00,2015-10-28,sigma_return,-0.00264411,0.000305212,113.61,113.59,113.62,113.29,113.31,455770,113.427,1314,False
2015-12-01 10:16,2015-12-01,sigma_return,-0.00314301,0.000300664,114.72,114.72,114.73,114.36,114.36,342889,114.542,1163,False
2015-12-16 14:00,2015-12-16,sigma_return,-0.00489042,0.000395766,112.74,112.7,112.71,111.89,112.19,401406,112.268,1212,False
2015-12-16 14:03,2015-12-16,sigma_return,0.00416575,0.000482029,112.59,112.59,113.07,112.59,113.06,343806,112.863,1114,False
2016-01-27 14:02,2016-01-27,sigma_return,-0.00517756,0.000572809,102.63,102.65,102.66,102,102.1,544687,102.269,1840,False
2016-02-24 09:45,2016-02-24,sigma_return,-0.00349006,0.000379988,100.46,100.45,100.45,100.1,100.11,269634,100.201,1138,False
2016-03-16 14:00,2016-03-16,sigma_return,0.00346199,0.00023141,106.69,106.7,107.18,106.7,107.06,356380,107.034,1097,False
2016-03-16 14:01,2016-03-16,sigma_return,0.00345005,0.000290273,107.06,107.07,107.44,107.06,107.43,458325,107.249,1132,False
2016-07-26 10:54,2016-07-26,sigma_return,-0.00237519,0.000202912,113.81,113.81,113.82,113.5,113.54,274445,113.641,728,False
2016-08-16 09:35,2016-08-16,sigma_return,-0.00144983,0.000152923,117.34,117.34,117.35,117.16,117.17,139376,117.255,389,False
2016-08-17 14:00,2016-08-17,sigma_return,-0.00188324,0.000229537,116.93,116.92,116.92,116.68,116.71,137458,116.782,498,False
2016-08-26 10:00,2016-08-26,sigma_return,-0.00222736,0.000252931,116.86,116.85,116.86,116.59,116.6,428031,116.686,1380,False
2016-09-21 14:24,2016-09-21,sigma_return,-0.0023844,0.00029805,117.57,117.58,117.58,117.29,117.29,344253,117.474,1226,False
2016-10-06 11:47,2016-10-06,sigma_return,0.00185466,0.000214351,118.51,118.51,118.73,118.51,118.73,136697,118.617,400,False
2016-10-11 09:50,2016-10-11,sigma_return,-0.00160101,0.000167227,118.77,118.76,118.77,118.57,118.58,132764,118.646,511,False
2016-10-20 09:39,2016-10-20,sigma_return,-0.0019597,0.000199238,117.48,117.47,117.48,117.24,117.25,184195,117.36,542,False
2016-11-09 09:31,2016-11-09,sigma_return,0.00609156,0.000285453,116.2,116.21,116.91,116.09,116.91,550448,116.594,2465,False
2016-12-14 14:00,2016-12-14,sigma_return,-0.00198758,0.000225851,120.87,120.87,120.87,120.58,120.63,237103,120.717,721,False
2016-12-14 14:02,2016-12-14,sigma_return,0.0020722,0.000251304,120.52,120.53,120.82,120.5,120.77,295118,120.645,682,False
2016-12-22 09:31,2016-12-22,sigma_return,-0.00141296,0.00017164,120.4,120.41,120.41,120.22,120.23,53324,120.332,206,False
2016-12-22 09:35,2016-12-22,sigma_return,-0.00149788,0.000184027,120.26,120.26,120.26,120.07,120.08,175485,120.175,404,False
2016-12-27 09:45,2016-12-27,sigma_return,0.00190201,0.000157746,120.81,120.82,121.05,120.82,121.04,270884,120.936,809,False
2016-12-27 09:47,2016-12-27,sigma_return,0.00181503,0.000185016,121.1,121.1,121.33,121.1,121.32,166313,121.232,500,False
2016-12-30 09:57,2016-12-30,sigma_return,-0.00243667,0.000254686,119.16,119.16,119.17,118.86,118.87,782078,119.011,1883,False
2017-01-30 09:44,2017-01-30,sigma_return,-0.00160346,0.000184196,124.83,124.83,124.87,124.63,124.63,386300,124.736,1197,False
2017-02-03 10:25,2017-02-03,sigma_return,0.00175062,0.000218293,125.56,125.57,125.8,125.57,125.78,293536,125.721,1027,False
2017-03-15 14:00,2017-03-15,sigma_return,0.00258182,0.000138618,131.52,131.55,131.86,131.53,131.86,1.02062e+06,131.742,2001,False
2017-05-31 09:49,2017-05-31,sigma_return,-0.00127208,0.000151194,141.59,141.59,141.59,141.38,141.41,254682,141.511,942,False
2017-06-09 14:49,2017-06-09,sigma_return,-0.00540367,0.000423973,139.17,139.17,139.22,138.41,138.42,1.19638e+06,138.77,3888,False
2017-08-02 10:27,2017-08-02,sigma_return,-0.00202394,0.000247588,143.43,143.43,143.43,143.08,143.14,345950,143.289,1147,False
2017-08-16 13:12,2017-08-16,sigma_return,-0.00207785,0.000207267,144.53,144.53,144.54,144.19,144.23,253146,144.348,903,False
2017-09-20 14:01,2017-09-20,sigma_return,-0.00234386,0.000225695,145.23,145.24,145.24,144.87,144.89,234010,145.014,839,False
2017-10-23 10:05,2017-10-23,sigma_return,-0.00141343,0.000149613,148.68,148.67,148.67,148.44,148.47,138555,148.528,519,False
2017-11-15 09:36,2017-11-15,sigma_return,-0.00236531,0.00028894,152.38,152.38,152.41,151.96,152.02,435692,152.175,1679,False
2017-11-22 09:36,2017-11-22,sigma_return,-0.00134948,0.000157343,155.72,155.71,155.71,155.5,155.51,83201,155.596,325,False
2017-12-01 11:13,2017-12-01,sigma_return,-0.00376918,0.000423709,154.17,154.17,154.17,153.55,153.59,733695,153.897,2999,False
2017-12-29 15:50,2017-12-29,sigma_return,-0.00192332,0.000167144,156.13,156.13,156.13,155.82,155.83,524008,155.952,2112,False
2018-02-05 15:09,2018-02-05,sigma_return,-0.00607981,0.000747944,160.03,160.03,160.03,158.99,159.06,1.28207e+06,159.358,5942,False
2018-02-05 15:12,2018-02-05,abs_return;sigma_return;bar_range,0.0100371,0.000845924,158.61,158.6,160.23,158.53,160.21,796563,159.471,2919,False
2018-07-16 09:45,2018-07-16,sigma_return,-0.00189267,0.000233803,179.81,179.81,179.81,179.47,179.47,271066,179.607,1077,False
2018-09-04 09:35,2018-09-04,sigma_return,-0.00220685,0.000275355,185.99,185.98,185.99,185.53,185.58,235179,185.763,990,False
2018-09-12 09:35,2018-09-12,sigma_return,-0.00317669,0.000313621,182.87,182.85,182.85,182.27,182.29,250535,182.515,1095,False
2018-09-14 12:07,2018-09-14,sigma_return,0.0030969,0.000306386,183.77,183.77,184.34,183.71,184.34,390922,183.793,1977,False
2018-09-20 09:34,2018-09-20,sigma_return,-0.00288349,0.000350153,184.07,184.05,184.05,183.52,183.54,310896,183.728,1646,False
2018-12-19 14:00,2018-12-19,abs_return;sigma_return;bar_range,-0.012167,0.000693825,160.42,160.34,160.72,158.45,158.48,660281,159.57,2734,False
2018-12-31 15:59,2018-12-31,sigma_return,0.0066346,0.000680721,153.23,153.23,154.26,153.22,154.25,1.11694e+06,153.734,5477,False
2019-01-22 15:39,2019-01-22,sigma_return,0.00458148,0.000453908,161.15,161.15,161.89,161.14,161.89,495088,161.519,2309,False
2019-01-30 14:00,2019-01-30,sigma_return,0.00322414,0.000322654,164.12,164.12,164.96,163.97,164.65,769799,164.506,3111,False
2019-02-14 10:37,2019-02-14,sigma_return,-0.00404041,0.00034365,171.12,171.11,171.15,170.35,170.43,798436,170.645,3355,False
2019-03-19 12:46,2019-03-19,sigma_return,-0.00206111,0.000238356,179.7,179.7,179.72,179.28,179.33,777910,179.462,2452,False
2019-06-03 09:47,2019-06-03,sigma_return,-0.0031837,0.000394014,173.03,173,173,172.48,172.48,495826,172.691,1700,False
2019-06-03 13:25,2019-06-03,sigma_return,0.0049654,0.000560415,170.76,170.76,171.63,170.76,171.61,985498,171.272,4071,False
2019-06-17 12:31,2019-06-17,sigma_return,-0.00261026,0.000236332,184.13,183.63,183.65,183.62,183.65,7656,183.63,13,False
2019-06-18 09:39,2019-06-18,sigma_return,0.00365729,0.000272246,185.59,185.59,186.31,185.54,186.27,678025,186.005,2753,False
2019-06-19 14:01,2019-06-19,sigma_return,0.00359105,0.000247279,186.24,186.24,186.99,186.18,186.91,927122,186.708,3393,False
2019-07-30 10:01,2019-07-30,sigma_return,0.00196058,0.000235328,193.63,193.63,194.01,193.63,194.01,177532,193.817,611,False
2019-07-31 14:38,2019-07-31,sigma_return,-0.00269193,0.000316546,193.43,193.42,193.42,192.77,192.91,461738,193.064,2101,False
2019-07-31 14:53,2019-07-31,sigma_return,-0.00358046,0.000442723,190.26,190.27,190.3,189.32,189.58,669822,189.721,3272,False
2019-07-31 14:54,2019-07-31,sigma_return,0.00636225,0.00047735,189.58,189.58,190.82,189.53,190.79,775212,190.291,3700,False
2019-08-13 09:46,2019-08-13,sigma_return,0.00481542,0.00055072,186.45,186.44,187.5,186.43,187.35,542842,186.999,2760,False
2019-08-13 09:48,2019-08-13,sigma_return,0.00670144,0.000600988,187.39,187.4,188.69,187.31,188.65,506044,187.992,2474,False
2019-08-23 11:00,2019-08-23,sigma_return,-0.00507602,0.000465514,187.63,187.64,187.86,186.59,186.68,527824,187.2,3197,False
2019-08-29 10:37,2019-08-29,sigma_return,-0.00390093,0.000366774,187.5,187.5,187.5,186.74,186.77,695238,186.98,3864,False
2019-09-03 10:00,2019-09-03,sigma_return,-0.00401919,0.000402156,186.98,186.96,186.96,186.21,186.23,316185,186.478,1704,False
2019-09-12 10:10,2019-09-12,sigma_return,0.00448397,0.000272858,193.59,193.6,194.58,193.46,194.46,642465,194.039,3378,False
2019-09-12 10:50,2019-09-12,sigma_return,-0.00386768,0.000386704,194.29,194.3,194.33,193.45,193.54,486803,193.805,2438,False
2019-09-18 14:01,2019-09-18,sigma_return,-0.00396867,0.000182525,191.88,191.91,191.99,191.06,191.12,211016,191.545,1061,False
2019-09-20 13:13,2019-09-20,sigma_return,-0.00495968,0.00027442,192.02,192.01,192.01,190.96,191.07,732409,191.456,4028,False
2019-09-24 12:23,2019-09-24,sigma_return,-0.00302363,0.000333021,188.8,188.8,188.82,187.96,188.23,804182,188.374,3812,False
2019-09-24 14:12,2019-09-24,sigma_return,0.00506114,0.000457562,187.23,187.23,188.24,187.23,188.18,477401,187.877,3103,False
2019-09-27 11:36,2019-09-27,sigma_return,-0.0034941,0.000361207,189.22,189.21,189.22,188.5,188.56,592457,188.718,3386,False
2019-10-03 10:00,2019-10-03,sigma_return,-0.0080672,0.000466276,184.2,184.19,184.19,182.49,182.72,702723,183.06,3484,False
2019-10-08 14:57,2019-10-08,sigma_return,-0.00668863,0.000458437,187.51,187.53,187.55,186.06,186.26,894278,186.571,5089,False
2019-10-10 14:07,2019-10-10,sigma_return,-0.00313288,0.000340315,188.62,188.61,188.61,188.02,188.03,371085,188.267,2529,False
2019-10-11 15:44,2019-10-11,sigma_return,-0.00322682,0.000366909,192.45,192.46,192.47,191.83,191.83,403906,192.116,2436,False
2019-10-29 11:59,2019-10-29,sigma_return,-0.00203656,0.000216002,196.61,196.61,196.62,196.04,196.21,452656,196.278,2409,False
2019-10-30 14:01,2019-10-30,sigma_return,0.00214538,0.000233363,195.56,195.58,196.01,195.54,195.98,150851,195.748,857,False
2019-11-06 11:44,2019-11-06,sigma_return,-0.00220673,0.000189582,199.61,199.61,199.87,199.15,199.17,848616,199.57,4317,False
2019-11-07 11:59,2019-11-07,sigma_return,0.00218471,0.000182251,201.18,201.19,201.72,201.19,201.62,588294,201.462,3127,False
2019-11-07 14:43,2019-11-07,sigma_return,-0.00238949,0.00021369,201.12,201.11,201.13,200.64,200.64,433001,200.884,2077,False
2019-11-13 13:57,2019-11-13,sigma_return,-0.00218492,0.000224732,201.6,201.61,201.61,200.97,201.16,911018,201.208,4824,False
2019-11-19 11:38,2019-11-19,sigma_return,0.00152405,0.000189638,203.25,203.25,203.58,203.22,203.56,226469,203.41,1175,False
2019-11-20 12:56,2019-11-20,sigma_return,-0.00222426,0.000216181,202.54,202.53,202.54,202.06,202.09,604163,202.243,3318,False
2019-11-20 12:58,2019-11-20,sigma_return,-0.00213214,0.000248652,201.89,201.89,201.93,201.25,201.46,516401,201.608,2611,False
2019-12-02 10:00,2019-12-02,sigma_return,-0.00201747,0.000214319,203.43,203.42,203.42,202.98,203.02,336104,203.23,1904,False
2019-12-05 14:57,2019-12-05,sigma_return,-0.00202404,0.000220352,202.77,202.76,202.78,202.14,202.36,665085,202.433,3341,False
2019-12-10 09:38,2019-12-10,sigma_return,-0.00152144,0.00015846,203.91,203.9,203.9,203.44,203.6,208423,203.628,1001,False
2019-12-10 11:02,2019-12-10,sigma_return,-0.00219936,0.00020708,204.83,204.82,204.82,204.31,204.38,326929,204.529,2180,False
2019-12-12 09:35,2019-12-12,sigma_return,0.00214739,0.000192759,204.68,204.68,205.25,204.49,205.12,383303,204.863,2203,False
2019-12-12 09:38,2019-12-12,sigma_return,0.00247844,0.000233893,205.52,205.53,206.07,205.5,206.03,313004,205.835,1764,False
2019-12-12 14:30,2019-12-12,sigma_return,0.00354447,0.000392614,205.59,205.59,206.4,205.49,206.32,481537,206.024,3076,False
2019-12-20 09:31,2019-12-20,sigma_return,0.000991619,0.000123805,211.67,211.67,211.92,211.65,211.88,391119,211.772,1418,False
2019-12-31 09:32,2019-12-31,sigma_return,0.00259796,0.000291475,211.43,211.44,211.99,211.43,211.98,441518,211.684,2053,False
2020-01-14 13:36,2020-01-14,sigma_return,-0.00307902,0.000227901,221.19,221.18,221.2,220.46,220.51,422228,220.769,2276,False
2020-01-30 14:43,2020-01-30,sigma_return,-0.00420425,0.00041983,221.67,221.67,221.77,220.71,220.74,689114,221.142,4074,False
2020-02-13 09:31,2020-02-13,sigma_return,0.00270648,0.000274596,232.46,232.48,233.12,232.48,233.09,164358,232.709,791,False
2020-02-20 09:36,2020-02-20,sigma_return,-0.00152304,0.00016515,236.55,236.55,236.57,236.17,236.19,82025,236.314,325,False
2020-02-20 11:31,2020-02-20,sigma_return,-0.00278582,0.00027613,233.65,233.62,233.72,232.99,233,591384,233.501,2907,False
2020-02-24 09:31,2020-02-24,sigma_return,0.00563433,0.00053946,221.23,221.24,222.49,221.14,222.48,791701,221.653,4142,False
2020-02-28 09:30,2020-02-28,bar_range,,0.00126604,,198.92,200.43,198.17,200.43,1.93097e+06,198.895,6782,False
2020-02-28 14:30,2020-02-28,bar_range,0.00616692,0.00169893,202.07,202.09,204,201.55,203.32,1.31287e+06,203.016,9585,False
2020-03-03 10:00,2020-03-03,abs_return;sigma_return;bar_range,0.0217119,0.00116826,214.13,214.14,219,214.06,218.83,1.83607e+06,217.103,12673,False
2020-03-12 09:30,2020-03-12,bar_range,,0.0013564,,182.09,183.44,181,182.75,1.59283e+06,182.163,4216,False
2020-03-12 09:55,2020-03-12,bar_range,0.00711629,0.00144936,180.63,180.63,182.67,180.24,181.92,599671,181.442,2850,False
2020-03-12 13:01,2020-03-12,bar_range,0.00910346,0.00194414,184.8,184.78,186.82,184.74,186.49,663044,185.944,3476,False
2020-03-12 13:03,2020-03-12,abs_return;bar_range,0.0110081,0.00200253,187.01,187.07,189.2,187.04,189.08,909753,188.233,4782,False
2020-03-12 13:06,2020-03-12,bar_range,-0.00832022,0.00210574,190.69,190.69,190.69,188.07,189.11,822753,189.172,4278,False
2020-03-12 13:07,2020-03-12,abs_return;bar_range,-0.0118086,0.00214718,189.11,189.14,189.14,186.64,186.89,799463,187.706,4645,False
2020-03-12 13:12,2020-03-12,bar_range,-0.00816199,0.00227168,185.76,185.79,186.02,184.12,184.25,760726,184.994,5042,False
2020-03-12 13:14,2020-03-12,bar_range,0.00291608,0.00231577,184.91,184.9,185.72,183.85,185.45,473618,184.953,2971,False
2020-03-13 15:33,2020-03-13,abs_return;bar_range,-0.0108222,0.00219429,183.02,183.04,183.29,181.02,181.05,710499,181.832,5356,False
2020-03-13 15:35,2020-03-13,bar_range,0.00762002,0.00226263,181.72,181.72,183.22,181.05,183.11,526295,182.323,3911,False
2020-03-13 15:38,2020-03-13,bar_range,0.00885322,0.00229573,183.3,183.26,185.01,182.92,184.93,529556,184.166,3871,False
2020-03-13 15:57,2020-03-13,abs_return;bar_range,0.0100283,0.00232339,190.5,190.5,192.45,190.45,192.42,830807,191.355,3363,False
2020-03-13 15:59,2020-03-13,bar_range,0.00682879,0.00237259,192.64,192.5,194.48,192.37,193.96,2.7463e+06,193.741,12225,False
2020-03-16 09:45,2020-03-16,bar_range,-0.00725935,0.00229839,174.2,171.5,175,171.25,172.94,1.21491e+06,171.846,2264,False
2020-03-16 10:06,2020-03-16,bar_range,-0.00124484,0.00239742,176.84,176.84,177.29,173.63,176.62,329535,176.614,1258,False
2020-03-16 14:45,2020-03-16,bar_range,0.000562082,0.00261022,177.86,177.85,178.56,171.5,177.96,238230,178.053,1087,False
2020-03-16 15:44,2020-03-16,abs_return;bar_range,0.0129158,0.00256412,175.39,175.4,177.72,175.15,177.67,496849,176.088,2178,False
2020-03-17 09:32,2020-03-17,bar_range,0.00971902,0.00265305,175.09,175.08,177.15,175.08,176.8,389208,176.205,2084,False
2020-03-17 09:45,2020-03-17,bar_range,0.0091563,0.0028062,171.77,171.78,173.66,171.78,173.35,356872,172.97,2048,False
2020-03-17 15:01,2020-03-17,bar_range,-0.00796684,0.0027877,180.21,180.22,180.47,178.61,178.78,495825,179.202,3207,False
2020-03-17 15:58,2020-03-17,bar_range,-0.00929625,0.00269968,182.64,182.62,182.62,180.6,180.95,1.10829e+06,181.736,6163,False
2020-03-18 09:31,2020-03-18,abs_return;bar_range,0.011225,0.00272861,171.86,171.85,174.45,171.75,173.8,471054,173.281,2865,False
2020-03-18 09:33,2020-03-18,bar_range,0.00803217,0.00272469,173.6,173.57,175.77,173.57,175,329236,174.582,1565,False
2020-03-18 15:57,2020-03-18,abs_return;bar_range,-0.012039,0.00265832,174.65,174.66,174.66,172.21,172.56,970413,173.391,5927,False
2020-03-18 15:59,2020-03-18,abs_return;bar_range,0.0166899,0.00270019,173.5,173.49,176.63,173.35,176.42,1.79026e+06,174.96,7866,False
2020-03-19 15:50,2020-03-19,bar_range,-0.00890478,0.0025628,180.48,180.5,180.56,178.36,178.88,876266,179.135,5395,False
2020-03-23 09:30,2020-03-23,bar_range,,0.00199272,,170.96,170.98,168.95,169.8,1.4951e+06,170.018,5910,False
2020-03-23 09:32,2020-03-23,bar_range,0.00919981,0.00201432,168.79,168.86,170.56,168.72,170.35,401039,169.722,2764,False
2020-03-23 09:51,2020-03-23,bar_range,0.00951797,0.00211507,168.35,168.35,169.98,168.17,169.96,537332,169.175,3501,False
2020-03-23 15:50,2020-03-23,bar_range,0.00704499,0.00254264,168.32,168.32,169.85,168.12,169.51,529047,169.052,3514,False
2020-03-25 09:30,2020-03-25,bar_range,,0.00143766,,184.41,184.49,182.65,182.79,1.60832e+06,183.813,6482,False
2020-03-25 15:50,2020-03-25,bar_range,-0.00903653,0.00161884,184.53,184.57,184.58,182.48,182.87,843190,183.326,5160,False
2020-03-26 09:30,2020-03-26,bar_range,,0.00170397,,183.83,185.55,183.61,185.4,616165,184.224,2137,False
2020-03-26 15:50,2020-03-26,abs_return;sigma_return;bar_range,0.0122759,0.00145977,188.64,188.66,191.31,188.64,190.97,1.70256e+06,190.443,9577,False
2020-04-02 15:50,2020-04-02,bar_range,0.00518556,0.00127753,184.65,184.63,190.1,184.63,185.61,718399,185.338,3833,False
2020-04-06 15:50,2020-04-06,sigma_return,0.00571985,0.000675232,195.25,195.25,196.92,195.24,196.37,1.13612e+06,195.99,6277,False
2020-04-07 15:50,2020-04-07,abs_return;sigma_return;bar_range,-0.010097,0.00112097,199.08,199.2,199.27,196.61,197.08,767992,197.47,5072,False
2020-04-23 12:44,2020-04-23,sigma_return,-0.00615098,0.00048771,213.63,213.65,213.69,212.12,212.32,690061,212.816,3364,False
2020-04-23 12:45,2020-04-23,sigma_return,-0.00628383,0.000579524,212.32,212.3,212.76,210.81,210.99,635040,211.966,3137,False
2020-04-23 12:47,2020-04-23,sigma_return,0.00701092,0.000678818,210.36,210.32,212.02,210.29,211.84,860974,211.077,4426,False
2020-05-05 15:37,2020-05-05,sigma_return,-0.0036785,0.000418363,217.88,217.86,217.88,217.01,217.08,237627,217.441,1087,False
2020-08-18 09:54,2020-08-18,sigma_return,-0.00245851,0.000244323,276.93,276.93,276.97,276.25,276.25,220220,276.601,1158,False
2020-08-24 09:52,2020-08-24,sigma_return,-0.00291346,0.000353836,285.3,285.31,285.34,284.46,284.47,284165,284.861,1332,False
2020-08-24 09:54,2020-08-24,sigma_return,-0.0031353,0.000383663,284.31,284.32,284.32,283.39,283.42,462090,283.885,2319,False
2020-08-31 15:59,2020-08-31,sigma_return,-0.003722,0.000459096,296.09,296.07,296.19,294.98,294.99,1.03339e+06,295.709,3703,False
2020-09-02 09:56,2020-09-02,sigma_return,-0.00386461,0.000445135,300.74,300.72,300.72,299.42,299.58,329935,299.947,1529,False
2020-10-06 10:43,2020-10-06,sigma_return,-0.00335799,0.000355731,280.4,280.39,280.4,279.25,279.46,216044,279.626,1317,False
2020-10-06 14:54,2020-10-06,sigma_return,-0.00501236,0.000542968,278.01,277.99,278.01,276.56,276.62,324808,277.212,1828,False
2020-10-29 15:59,2020-10-29,sigma_return,-0.00473121,0.000584209,277.54,277.54,277.58,276.21,276.23,851587,276.944,4287,False
2020-11-09 09:33,2020-11-09,sigma_return,-0.00617047,0.00055471,297.49,297.5,297.54,295.55,295.66,467540,296.475,2819,False
2020-11-09 11:22,2020-11-09,bar_range,0.00195675,0.000849355,296.12,296.12,299.14,296.12,296.7,194845,296.402,1227,False
2020-11-23 11:09,2020-11-23,sigma_return,-0.00289925,0.000339849,290.15,290.13,290.13,289.31,289.31,221992,289.606,1066,False
2021-01-04 10:45,2021-01-04,sigma_return,-0.0028425,0.000290396,313.55,313.53,313.53,312.63,312.66,201251,312.868,853,False
2021-01-08 09:32,2021-01-08,sigma_return,-0.00299434,0.000331555,317.74,317.73,317.76,316.77,316.79,218293,317.151,1350,False
2021-01-25 11:03,2021-01-25,sigma_return,-0.00476697,0.000401305,325.93,325.86,325.86,324.33,324.38,397850,324.969,1661,False
2021-01-27 09:32,2021-01-27,sigma_return,-0.00385868,0.000386235,324.57,324.55,324.59,322.98,323.32,272185,323.878,1593,False
2021-02-23 09:51,2021-02-23,sigma_return,0.00464707,0.000579226,311.3,311.31,312.77,311.26,312.75,813572,312.231,4685,False
2021-03-17 14:00,2021-03-17,sigma_return,0.00638056,0.000548668,317.14,317.15,319.23,317.14,319.17,695241,318.176,3809,False
2021-04-22 13:07,2021-04-22,sigma_return,-0.00312795,0.000285062,339.41,339.42,339.42,337.98,338.35,615065,338.653,2909,False
2021-05-04 09:32,2021-05-04,sigma_return,-0.0033044,0.000376082,333.44,333.43,333.45,332.31,332.34,526859,332.877,3315,False
2021-05-11 09:35,2021-05-11,sigma_return,0.00374778,0.000452763,319.59,319.6,320.83,319.6,320.79,602350,320.261,3826,False
2021-05-19 09:42,2021-05-19,sigma_return,0.00321392,0.000384023,316.86,316.86,317.89,316.83,317.88,347434,317.44,2226,False
2021-06-16 14:00,2021-06-16,sigma_return,-0.00663187,0.00025345,341.91,341.88,341.9,339.54,339.65,1.0095e+06,340.451,5845,False
2021-06-18 09:33,2021-06-18,sigma_return,0.0036645,0.000380885,343.21,343.21,344.49,342.95,344.47,423373,343.779,2802,False
2021-08-27 10:02,2021-08-27,sigma_return,0.00272647,0.000323371,373.6,373.63,374.64,373.61,374.62,403227,374.161,2468,False
2021-08-31 09:31,2021-08-31,sigma_return,-0.00158061,0.000193643,379.9,379.91,379.93,379.3,379.3,233569,379.592,1379,False
2021-09-20 09:31,2021-09-20,sigma_return,0.00443653,0.000376564,366.59,366.59,368.23,366.56,368.22,418002,367.344,2250,False
2021-10-12 09:33,2021-10-12,sigma_return,0.00320036,0.000366677,358.76,358.78,359.92,358.74,359.91,289391,359.371,1838,False
2021-11-03 14:00,2021-11-03,sigma_return,0.00228355,0.000249962,389.3,389.29,390.22,389.02,390.19,320880,389.665,1906,False
2021-11-09 09:58,2021-11-09,sigma_return,-0.00290555,0.000323564,396.37,396.38,396.38,395.01,395.22,835633,395.63,3944,False
2021-12-15 14:00,2021-12-15,sigma_return,-0.00513766,0.000502503,386.38,386.34,386.37,384.12,384.4,735239,384.96,3793,False
2021-12-15 14:03,2021-12-15,sigma_return,0.00597805,0.00057169,385.26,385.26,387.74,385.1,387.57,850142,386.522,4426,False
2022-02-10 12:45,2022-02-10,sigma_return,-0.00585689,0.00058107,364.74,364.75,364.91,362.6,362.61,1.00386e+06,363.418,6586,False
2022-02-16 14:00,2022-02-16,sigma_return,0.00425436,0.000490946,351.83,351.8,353.69,351.67,353.33,485282,352.843,1752,False
2022-02-22 10:19,2022-02-22,bar_range,0.000467003,0.000772168,342.53,342.55,342.8,339.17,342.69,136696,342.656,679,False
2022-03-08 09:35,2022-03-08,sigma_return,0.00841909,0.000756994,322.9,322.88,325.65,322.7,325.63,702681,324.178,3834,False
2022-03-16 14:01,2022-03-16,sigma_return,-0.00589955,0.000641506,334.91,334.93,334.97,332.32,332.94,704470,333.317,3295,False
2022-04-05 10:05,2022-04-05,sigma_return,-0.00313861,0.00037718,366.98,366.95,366.99,365.8,365.83,408808,366.202,2252,False
2022-05-02 09:43,2022-05-02,bar_range,0.00267099,0.000912797,314.07,314.07,315.11,311.77,314.91,597851,314.394,2815,False
2022-05-05 15:50,2022-05-05,sigma_return,0.00965695,0.00107138,310.19,310.19,313.25,310.17,313.2,1.20777e+06,312.058,6686,False
2022-06-15 14:00,2022-06-15,bar_range,0.00110068,0.000671831,281.49,281.49,283.15,279.92,281.8,951693,281.996,4280,False
2022-06-15 14:01,2022-06-15,bar_range,-0.00444564,0.000673288,281.8,281.83,282.01,279.15,280.55,1.15473e+06,280.329,4866,False
2022-06-15 14:38,2022-06-15,abs_return;sigma_return;bar_range,0.0122526,0.0009258,279.04,279.1,282.48,279.1,282.48,1.22357e+06,280.843,7103,False
2022-07-15 10:00,2022-07-15,sigma_return,0.0060319,0.000738192,289.25,289.28,291.33,289.28,291,1.20762e+06,290.601,6459,False
2022-07-27 14:35,2022-07-27,sigma_return,0.00525057,0.000505894,302.03,302.03,303.99,302.01,303.62,850083,303.207,4518,False
2022-08-26 10:02,2022-08-26,sigma_return,-0.00528919,0.000473858,318.47,318.41,318.49,316.76,316.79,611004,317.554,2708,False
2022-08-26 10:09,2022-08-26,sigma_return,0.00891899,0.000568223,318.12,318.12,321,318.12,320.97,734825,319.726,3840,False
2022-09-21 14:00,2022-09-21,abs_return;sigma_return;bar_range,-0.0127483,0.000517781,291.3,291.36,291.6,287.51,287.61,1.19087e+06,288.846,5495,False
2022-10-13 11:20,2022-10-13,abs_return;sigma_return;bar_range,0.0105234,0.00101052,263.73,263.75,266.52,263.69,266.52,1.11471e+06,265.267,5247,False
2022-10-14 10:00,2022-10-14,bar_range,-0.00643739,0.00137119,268.05,268,268,265.17,266.33,1.1504e+06,266.18,5054,False
2022-10-26 10:00,2022-10-26,sigma_return,0.00515428,0.000597523,278.66,278.64,280.36,278.64,280.1,859116,279.697,4564,False
2022-11-02 14:00,2022-11-02,sigma_return;bar_range,0.00907391,0.000453856,273.17,273.18,275.9,272.02,275.66,911072,274.35,3942,False
2022-11-02 14:36,2022-11-02,abs_return;sigma_return;bar_range,-0.0154806,0.000831878,277.97,278,278,273.64,273.7,1.13542e+06,275.591,6075,False
2022-11-23 11:54,2022-11-23,sigma_return,-0.00302709,0.000366193,287.84,287.84,287.84,286.89,286.97,302171,287.228,1326,False
2022-11-23 14:01,2022-11-23,sigma_return,0.00421053,0.000433188,286.77,286.79,288.11,286.75,287.98,309766,287.584,1352,False
2022-11-28 12:03,2022-11-28,sigma_return,-0.00351346,0.000424852,285.12,285.13,285.14,283.9,284.12,377432,284.37,1891,False
2022-11-30 13:30,2022-11-30,sigma_return;bar_range,0.00545598,0.000492605,281.49,281.49,283.81,280.72,283.03,1.12268e+06,282.483,4985,False
2022-12-14 14:00,2022-12-14,sigma_return;bar_range,-0.00693381,0.000588621,290.89,290.95,290.97,287.28,288.88,969556,288.65,4637,False
2022-12-14 14:34,2022-12-14,sigma_return,-0.00927494,0.000822685,285.96,285.92,285.95,283.24,283.32,755231,284.429,3754,False
2023-02-07 12:41,2023-02-07,sigma_return,0.0042563,0.000490109,304.78,304.77,306.43,304.74,306.08,457118,305.634,2444,False
2023-02-07 12:42,2023-02-07,sigma_return,-0.0048799,0.000534774,306.08,306.08,306.39,304.42,304.59,448102,305.314,2526,False
2023-03-07 10:00,2023-03-07,sigma_return,-0.00413789,0.000382647,300.29,300.29,300.29,298.94,299.05,637424,299.5,3351,False
2023-03-22 14:00,2023-03-22,sigma_return,0.00477236,0.000314572,311.47,311.51,313.24,311.3,312.96,731861,312.43,4041,False
2023-03-22 14:02,2023-03-22,sigma_return,-0.00339602,0.0003991,312.66,312.67,312.68,311.51,311.6,449485,312.019,1944,False
2023-05-10 09:31,2023-05-10,sigma_return,0.00212553,0.000237448,324.28,324.29,324.98,324.28,324.97,275689,324.635,1412,False
2023-06-14 14:00,2023-06-14,sigma_return,-0.00371272,0.000335513,364.29,364.21,364.21,362.86,362.94,828134,363.309,4486,False
2023-09-20 14:00,2023-09-20,sigma_return,-0.00333203,0.000298827,369.76,369.73,369.73,368.29,368.53,570053,368.794,3162,False
2023-09-20 14:31,2023-09-20,sigma_return,0.00314117,0.000379337,368.71,368.69,370.2,368.68,369.87,517326,369.698,3126,False
2023-11-09 13:01,2023-11-09,sigma_return,-0.00259758,0.000308382,373.91,373.92,373.93,372.91,372.94,296759,373.281,2172,False
2023-12-13 14:00,2023-12-13,sigma_return,0.00355142,0.000218081,399.13,399.2,400.61,399.2,400.55,687529,400.054,3928,False
2024-03-20 14:00,2024-03-20,sigma_return,0.00225387,0.000277249,438.75,438.74,440.16,438.74,439.74,451135,439.696,3055,False
2024-03-20 14:07,2024-03-20,sigma_return,-0.00269881,0.000330872,441.53,441.53,441.64,440.23,440.34,162266,440.904,854,False
2024-04-03 10:00,2024-04-03,sigma_return,0.00268005,0.000268285,439.7,439.75,441.11,439.72,440.88,417459,440.641,2762,False
2024-04-04 14:30,2024-04-04,sigma_return,-0.00254038,0.000284508,441.44,441.42,441.42,440.23,440.32,527694,440.619,3402,False
2024-04-23 09:45,2024-04-23,sigma_return,0.00383841,0.000413281,421.24,421.25,422.9,421.25,422.86,428010,422.157,2436,False
2024-08-05 10:00,2024-08-05,sigma_return,0.00895339,0.00104121,432.53,432.54,436.46,432.49,436.42,621044,435.282,4376,False
2024-08-21 10:36,2024-08-21,sigma_return,0.00333703,0.000360288,481.66,481.7,483.31,481.64,483.27,280314,482.701,1674,False
2024-09-04 10:00,2024-09-04,sigma_return,-0.00655055,0.000493767,461.01,460.94,461.01,457.73,458,553638,458.647,3104,False
2024-09-06 11:00,2024-09-06,sigma_return,0.00500156,0.000598555,450.73,450.73,453.03,450.6,452.99,621198,451.879,3760,False
2024-09-18 14:00,2024-09-18,sigma_return;bar_range,0.00794606,0.000352749,473.82,473.71,478.06,472.6,477.6,1.03758e+06,476.675,7552,False
2024-10-03 10:13,2024-10-03,sigma_return,-0.00366494,0.000390188,483.84,483.84,483.88,482.04,482.07,172598,482.908,1093,False
2024-12-18 14:00,2024-12-18,sigma_return,-0.00248698,0.000288896,535.45,535.57,535.57,534,534.12,160482,534.644,873,False
2025-01-27 09:31,2025-01-27,sigma_return,0.00380032,0.000300354,512.14,512.04,514.16,512.02,514.09,413058,513.111,2076,False
2025-02-06 10:39,2025-02-06,sigma_return,-0.00322104,0.000307763,528.63,528.66,528.68,526.9,526.93,230818,527.755,1534,False
2025-02-07 10:00,2025-02-07,sigma_return,-0.00301978,0.000362377,530.64,530.57,530.58,527.67,529.04,450608,528.676,3315,False
2025-02-07 10:53,2025-02-07,sigma_return,-0.00649772,0.000407792,528.05,528.05,528.16,524.24,524.63,491282,525.75,3648,False
2025-03-19 14:00,2025-03-19,sigma_return,0.00401397,0.000445285,477.37,477.25,479.49,476.57,479.29,353573,478.481,2343,False
2025-04-07 10:10,2025-04-07,abs_return;sigma_return;bar_range,0.0169939,0.0016561,416.59,416.6,423.73,416.46,423.73,1.14816e+06,420.737,7252,False
2025-04-07 10:11,2025-04-07,bar_range,0.00923203,0.0018666,423.73,423.66,428.64,423.66,427.66,2.17226e+06,426.966,14036,False
2025-04-07 10:12,2025-04-07,bar_range,0.00694399,0.00192392,427.66,427.68,430.99,425.2,430.64,1.1256e+06,427.761,7295,False
2025-04-07 10:13,2025-04-07,abs_return;bar_range,0.0138137,0.00195219,430.64,430.66,436.98,430.09,436.63,1.34155e+06,433.128,7794,False
2025-04-07 10:14,2025-04-07,bar_range,-0.00721743,0.00207269,436.63,436.63,437.36,431.94,433.49,1.91934e+06,434.421,11014,False
2025-04-07 10:15,2025-04-07,bar_range,0.00749222,0.00210552,433.49,433.49,439.21,433.26,436.75,1.58349e+06,436.218,10057,False
2025-04-07 10:16,2025-04-07,bar_range,0.00920762,0.00213679,436.75,436.83,440.94,434.94,440.79,1.41178e+06,438.37,9268,False
2025-04-07 10:18,2025-04-07,abs_return;bar_range,-0.0175203,0.0021909,442.2,442.29,442.39,434.47,434.52,1.03755e+06,438.26,6973,False
2025-04-07 10:20,2025-04-07,abs_return;bar_range,-0.0117513,0.00236667,433.98,434.02,434.09,428.9,428.91,1.11701e+06,431.414,7031,False
2025-04-07 10:23,2025-04-07,bar_range,-0.00818,0.00245952,427.17,427.26,427.67,422.5,423.69,1.13944e+06,425.437,6854,False
2025-04-07 10:34,2025-04-07,abs_return;bar_range,-0.0114666,0.00261015,424.52,424.54,424.93,419.46,419.68,842414,422.351,5727,False
2025-04-07 10:50,2025-04-07,bar_range,0.00867772,0.00273466,421.09,421.11,424.97,420.72,424.76,499601,423.039,3343,False
2025-04-07 11:14,2025-04-07,abs_return;bar_range,-0.0168487,0.00279367,424.36,424.35,424.99,415.94,417.27,1.32916e+06,419.222,8933,False
2025-04-07 13:00,2025-04-07,abs_return;bar_range,0.0119565,0.00301692,416.52,416.49,423.7,416.42,421.53,616353,421.738,4183,False
2025-04-08 14:30,2025-04-08,bar_range,0.0066494,0.0014225,422.69,422.7,427.43,422.7,425.51,551956,425.879,3377,False
2025-04-09 13:18,2025-04-09,bar_range,-0.00683723,0.00163524,425.6,425.58,425.89,420.5,422.7,492415,423.035,3731,False
2025-04-09 13:19,2025-04-09,abs_return;sigma_return;bar_range,0.0271419,0.00167038,422.7,422.7,435.49,421.5,434.33,1.8386e+06,429.795,14227,False
2025-04-09 13:20,2025-04-09,bar_range,0.00271314,0.00216235,434.33,434.28,437.59,429,435.51,988351,433.557,6429,False
2025-04-09 13:21,2025-04-09,bar_range,0.00675083,0.00216592,435.51,435.86,442.65,435.86,438.46,906962,439.43,4923,False
2025-04-09 13:22,2025-04-09,bar_range,0.00509578,0.00219226,438.46,438.53,440.93,434.35,440.7,987736,437.848,4909,False
2025-04-09 13:25,2025-04-09,bar_range,0.00825635,0.00222857,443.88,443.77,448.45,443.57,447.56,1.00558e+06,446.903,5751,False
2025-04-09 13:28,2025-04-09,abs_return;bar_range,-0.0157642,0.00228873,452.03,452.02,452.02,444.8,444.96,1.17184e+06,447.972,6659,False
2025-04-09 13:29,2025-04-09,bar_range,-0.00166446,0.00242622,444.96,444.98,448.25,443.35,444.22,834853,445.177,5120,False
2025-04-09 13:35,2025-04-09,bar_range,0.00648479,0.00247756,451.9,451.85,456.27,451.68,454.84,762780,454.676,4746,False
2025-04-09 13:36,2025-04-09,bar_range,-0.00863359,0.00248837,454.84,455.03,455.65,450.64,450.93,856410,452.718,5548,False
2025-04-09 13:37,2025-04-09,bar_range,0.00405007,0.00252504,450.93,450.92,454.87,450.33,452.76,505905,452.818,2663,False
2025-04-10 13:02,2025-04-10,bar_range,0.00721748,0.00276027,441.77,441.77,446.57,441.53,444.97,473881,445.102,2652,False
2025-04-23 09:37,2025-04-23,sigma_return,0.00803077,0.000671134,457.64,457.63,461.44,457.43,461.33,675327,459.522,4525,False
2025-08-12 09:44,2025-08-12,sigma_return,-0.00222257,0.000276124,576.55,576.57,576.62,574.95,575.27,506762,575.657,3578,False
2025-08-22 10:00,2025-08-22,sigma_return,0.00821816,0.000407936,564.71,564.76,569.51,564.75,569.37,959981,568.117,6842,False
2025-10-10 10:57,2025-10-10,sigma_return,-0.00289668,0.000288628,611.93,611.94,612.12,610.11,610.16,302602,611.093,1970,False
2025-10-10 11:00,2025-10-10,sigma_return,-0.00337452,0.000338301,608.52,608.47,608.54,605.41,606.47,704968,606.713,4472,False
2025-10-14 15:37,2025-10-14,sigma_return,-0.00361767,0.000436101,600.92,600.94,600.96,598.49,598.75,644222,599.608,3827,False
2025-10-22 12:30,2025-10-22,sigma_return,-0.00375831,0.000351538,605.13,605.16,605.7,602.32,602.86,646071,603.435,4773,False
2025-10-29 14:35,2025-10-29,sigma_return,-0.00447823,0.000241771,635.6,635.6,635.68,632.71,632.76,679380,633.732,4210,False
2025-11-18 09:32,2025-11-18,sigma_return,0.0049675,0.000591859,598.41,598.41,601.48,598.41,601.39,585659,600.281,5858,False
2025-12-10 14:00,2025-12-10,sigma_return,0.00293248,0.000286462,623.13,623.12,625.71,622.87,624.96,532118,624.673,4790,False
2025-12-12 10:58,2025-12-12,sigma_return,-0.0033325,0.000387979,616.18,616.17,616.17,613.72,614.13,1.0977e+06,614.567,9091,False
2025-12-29 09:36,2025-12-29,sigma_return,0.00244566,0.000194777,620.75,620.76,622.28,620.73,622.27,498556,621.575,5733,False
2026-01-07 10:38,2026-01-07,sigma_return,-0.0023688,0.000270791,625.53,625.55,625.56,624,624.05,379945,624.687,3085,False
2026-01-09 09:48,2026-01-09,sigma_return,-0.0028633,0.000350008,622.55,622.59,622.65,620.77,620.77,332133,621.409,3198,False
2026-01-21 14:27,2026-01-21,sigma_return,0.00427937,0.000463141,610.93,610.92,614.15,610.73,613.55,707201,612.865,7577,False
2026-02-03 09:43,2026-02-03,bar_range,-0.00213003,0.00034949,625.07,625.09,629.98,623.19,623.74,502404,623.807,4262,False
2026-02-20 10:01,2026-02-20,sigma_return,0.00540488,0.000512616,605.22,605.27,608.86,604.75,608.5,722478,607.44,6756,False
2026-02-26 10:12,2026-02-26,sigma_return,-0.00255595,0.000275206,611.12,611.12,611.14,609.44,609.56,581832,610.157,7157,False
2026-03-16 15:09,2026-03-16,sigma_return,0.00332166,0.000412591,601.11,601.11,603.16,601.06,603.11,620193,602.242,6441,False
2026-04-02 10:36,2026-04-02,sigma_return,0.00435783,0.000474366,581.59,581.44,584.79,581.13,584.13,766157,583.312,7171,False
2026-04-13 15:59,2026-04-13,bar_range,-8.0992e-05,0.000358901,617.37,617.37,626.74,617.28,617.32,1.09053e+06,617.449,6889,False
2026-04-23 13:01,2026-04-23,sigma_return,-0.00233715,0.000290876,655.41,655.42,655.53,653.7,653.88,334097,654.529,3504,False
2026-04-23 13:53,2026-04-23,sigma_return,0.00331865,0.000403572,646.78,646.79,650.36,646.67,648.93,682677,649.051,6491,False
2026-05-18 15:01,2026-05-18,sigma_return,0.00549593,0.000629248,700.41,700.4,704.59,700.39,704.27,496800,702.541,4631,False
2026-06-17 14:00,2026-06-17,sigma_return,-0.0053407,0.000486993,734.07,734.06,734.21,730.02,730.16,318590,731.626,2834,False
2026-07-10 10:32,2026-07-10,sigma_return,-0.00545006,0.000372225,723.06,722.99,723.66,718.94,719.13,327358,721.503,3449,False
2026-08-18 09:32,2026-08-18,sigma_return,-0.00241506,0.000260258,721.35,721.35,721.57,719.57,719.61,184108,720.601,1882,False
2026-08-27 09:31,2026-08-27,sigma_return,-0.00287284,0.000302112,718.09,718.11,718.47,715.96,716.03,175019,717.125,1580,False
